{
    "1262707839659544637": {
        "owners": [
            "1052983625425100812",
            "940871298383499265"
        ],
        "admins": [
            "1052983625425100812",
            "940871298383499265"
        ],
        "logChannelId": "1297211125863288924",
        "antiSpam": {
            "enabled": true,
            "messageCount": 5,
            "timeWindow": 5000,
            "action": "timeout",
            "duration": 60000
        },
        "antiLink": {
            "enabled": true,
            "mode": "full",
            "linkInterval": 60000
        },
        "antiNuke": {
            "enabled": true,
            "channelDeleteLimit": null,
            "channelDeleteTime": null,
            "memberKickLimit": null,
            "memberBanLimit": null
        },
        "antiRaid": {
            "enabled": true,
            "joinLimit": 5,
            "timeWindow": 60000,
            "action": "kick"
        }
    }
}